{
  "Folder": "00031_MultipleTraitsGenomicPredictionEIWheat",
  "DOI": "https://doi.org/10.1371/journal.pone.0232665",
  "Publication_link": "https://journals.plos.org/plosone/article?id=10.1371/journal.pone.0232665",
  "Title": "Use of multiple traits genomic prediction, genotype by environment interactions and spatial effect to improve prediction accuracy in yield data",
  "Abstract": "Genomic selection has been extensively implemented in plant breeding schemes. Genomic selection incorporates dense genome-wide markers to predict the breeding values for important traits based on information from genotype and phenotype records on traits of interest in a reference population. To date, most relevant investigations have been performed using single trait genomic prediction models (STGP). However, records for several traits at once are usually documented for breeding lines in commercial breeding programs. By incorporating benefits from genetic characterizations of correlated phenotypes, multiple trait genomic prediction (MTGP) may be a useful tool for improving prediction accuracy in genetic evaluations. The objective of this study was to test whether the use of MTGP and including proper modeling of spatial effects can improve the prediction accuracy of breeding values in commercial barley and wheat breeding lines. We genotyped 1,317 spring barley and 1,325 winter wheat lines from a commercial breeding program with the Illumina 9K barley and 15K wheat SNP-chip (respectively) and phenotyped them across multiple years and locations. Results showed that the MTGP approach increased correlations between future performance and estimated breeding value of yields by 7% in barley and by 57% in wheat relative to using the STGP approach for each trait individually. Analyses combining genomic data, pedigree information, and proper modeling of spatial effects further increased the prediction accuracy by 4% in barley and 3% in wheat relative to the model using genomic relationships only. The prediction accuracy for yield in wheat and barley yield trait breeding, were improved by combining MTGP and spatial effects in the model.",
  "Scientific_Name": "Triticum aestivum",
  "Common_Name": "Wheat",
  "Sharing_Link": "https://journals.plos.org/plosone/article?id=10.1371/journal.pone.0232665#sec019",
  "Requires_Authorization": false,
  "Phenotype": true,
  "Map": false,
  "Pedigree": false,
  "N_Geno": 1325,
  "N_markers": 11155,
  "Download_Instructions": "Go to Supplementary information and Download S3 Data and S4 Data",
  "Tags": "genomic selection; plant breeding; multiple trait genomic prediction; single trait genomic prediction; genetic evaluations; prediction accuracy; barley; wheat"
}
