{
  "Folder": "00076_GeneticMechanismHeterosisMaize",
  "DOI": "https://doi.org/10.1186/s13059-021-02370-7",
  "Publication_link": "https://genomebiology.biomedcentral.com/articles/10.1186/s13059-021-02370-7",
  "Title": "The genetic mechanism of heterosis utilization in maize improvement",
  "Abstract": "Background\r\n\r\nIn maize hybrid breeding, complementary pools of parental lines with reshuffled genetic variants are established for superior hybrid performance. To comprehensively decipher the genetics of heterosis, we present a new design of multiple linked F1 populations with 42,840 F1 maize hybrids, generated by crossing a synthetic population of 1428 maternal lines with 30 elite testers from diverse genetic backgrounds and phenotyped for agronomic traits.\r\n\r\n\r\n\r\nResults\r\n\r\nWe show that, although yield heterosis is correlated with the widespread, minor-effect epistatic QTLs, it may be resulted from a few major-effect additive and dominant QTLs in early developmental stages. Floral transition is probably one critical stage for heterosis formation, in which epistatic QTLs are activated by paternal contributions of alleles that counteract the recessive, deleterious maternal alleles. These deleterious alleles, while rare, epistatically repress other favorable QTLs. We demonstrate this with one example, showing that Brachytic2 represses the Ubiquitin3 locus in the maternal lines; in hybrids, the paternal allele alleviates this repression, which in turn recovers the height of the plant and enhances the weight of the ear. Finally, we propose a molecular design breeding by manipulating key genes underlying the transition from vegetative-to-reproductive growth.\r\n\r\n\r\n\r\nConclusion\r\n\r\nThe new population design is used to dissect the genetic basis of heterosis which accelerates maize molecular design breeding by diminishing deleterious epistatic interactions.",
  "Scientific_Name": "Zea mays",
  "Common_Name": "Maize",
  "Sharing_Link": "https://ftp.cngb.org/pub/CNSA/data3/CNP0001565/zeamap/99_MaizegoResources/01_CUBIC_related/",
  "Requires_Authorization": false,
  "Phenotype": true,
  "Map": false,
  "Pedigree": false,
  "N_Geno": 1428,
  "N_markers": 4549828,
  "Download_Instructions": "Genotype data - Dowload the data of 10 chromosomes in the hybrid42k folder; Phenotype data - Download *_hybrids.txt files for the years 2014 and 2015, and parent files if necessary.",
  "Tags": "maize hybrid breeding; genetic basis of heterosis; epistatic QTLs; additive and dominant QTLs; molecular design breeding; agronomic traits; floral transition; vegetative-to-reproductive growth"
}
