{
  "Folder": "00079_TargetOrientedPrioritizationMaize368",
  "DOI": "https://doi.org/10.6084/m9.figshare.19312205.v1",
  "Publication_link": "https://genomebiology.biomedcentral.com/articles/10.1186/s13059-022-02650-w",
  "Title": "Target-oriented prioritization: targeted selection strategy by integrating organismal and molecular traits through predictive analytics in breeding",
  "Abstract": "Genomic prediction in crop breeding is hindered by modeling on limited phenotypic traits. We propose an integrative multi-trait breeding strategy via machine learning algorithm, target-oriented prioritization (TOP). Using a large hybrid maize population, we demonstrate that the accuracy for identifying a candidate that is phenotypically closest to an ideotype, or target variety, achieves up to 91%. The strength of TOP is enhanced when omics level traits are included. We show that TOP enables selection of inbreds or hybrids that outperform existing commercial varieties. It improves multiple traits and accurately identifies improved candidates for new varieties, which will greatly influence breeding.",
  "Scientific_Name": "Zea mays",
  "Common_Name": "Maize",
  "Sharing_Link": "https://figshare.com/articles/dataset/Support_Data_for_Target-Oriented_Prioritization_targeted_selection_strategy_by_integrating_organismal_and_molecular_traits_through_predictive_analytics_in_breeding_/19312205/1",
  "Requires_Authorization": false,
  "Phenotype": true,
  "Map": false,
  "Pedigree": false,
  "N_Geno": 368,
  "N_markers": 100000,
  "Download_Instructions": "NA",
  "Tags": "genomic prediction; crop breeding; machine learning; multi-trait breeding; hybrid maize; phenotypic traits; omics; target-oriented prioritization"
}
