{
  "Folder": "00073_CRANSoyNAMData",
  "DOI": "https://doi.org/10.32614/CRAN.package.SoyNAM",
  "Publication_link": "https://cran.r-project.org/web/packages/SoyNAM/index.html",
  "Title": "SoyNAM: Soybean Nested Association Mapping Dataset",
  "Abstract": "Genomic and multi-environmental soybean data. Soybean Nested\r\n\r\nAssociation Mapping (SoyNAM) project dataset funded by the United Soybean Board\r\n\r\n(USB). BLUP function formats data for genome-wide prediction and association analysis.",
  "Scientific_Name": "Glycine max",
  "Common_Name": "Soybean",
  "Sharing_Link": "https://CRAN.R-project.org/package=SoyNAM",
  "Requires_Authorization": false,
  "Phenotype": true,
  "Map": false,
  "Pedigree": false,
  "N_Geno": 5180,
  "N_markers": 4312,
  "Download_Instructions": "NA",
  "Tags": "soybean genomics; multi-environmental data; SoyNAM; United Soybean Board; BLUP; genome-wide prediction; association analysis"
}
