{
  "Folder": "00010_WolvesInMexico",
  "DOI": "https://doi.org/10.5061/dryad.g68k008",
  "Publication_link": "https://academic.oup.com/jhered/article/109/4/372/4948759?login=false",
  "Title": "Genome-Wide Analysis of SNPs Is Consistent with No Domestic Dog Ancestry in the Endangered Mexican Wolf (Canis lupus baileyi)",
  "Abstract": "The Mexican gray wolf (Canis lupus baileyi) was historically distributed throughout the southwestern United States and northern Mexico. Extensive predator removal campaigns during the early 20th century, however, resulted in its eventual extirpation by the mid 1980s. At this time, the Mexican wolf existed only in 3 separate captive lineages (McBride, Ghost Ranch, and Arag√≥n) descended from 3, 2, and 2 founders, respectively. These lineages were merged in 1995 to increase the available genetic variation, and Mexican wolves were reintroduced into Arizona and New Mexico in 1998. Despite the ongoing management of the Mexican wolf population, it has been suggested that a proportion of the Mexican wolf ancestry may be recently derived from hybridization with domestic dogs. In this study, we genotyped 87 Mexican wolves, including individuals from all 3 captive lineages and cross-lineage wolves, for more than 172000 single nucleotide polymorphisms. We identified levels of genetic variation consistent with the pedigree record and effects of genetic rescue. To identify the potential to detect hybridization with domestic dogs, we compared our Mexican wolf genotypes with those from studies of domestic dogs and other gray wolves. The proportion of Mexican wolf ancestry assigned to domestic dogs was only between 0.06% (SD 0.23%) and 7.8% (SD 1.0%) for global and local ancestry estimates, respectively; and was consistent with simulated levels of incomplete lineage sorting. Overall, our results suggested that Mexican wolves lack biologically significant ancestry with dogs and have useful implications for the conservation and management of this endangered wolf subspecies.",
  "Scientific_Name": "Canis lupus",
  "Common_Name": "Wolves",
  "Sharing_Link": "https://datadryad.org/stash/dataset/doi:10.5061/dryad.g68k008",
  "Requires_Authorization": false,
  "Phenotype": false,
  "Map": true,
  "Pedigree": false,
  "N_Geno": 1021,
  "N_markers": 74876,
  "Download_Instructions": "NA",
  "Tags": "Mexican gray wolf; genetic diversity; wildlife conservation; hybridization; captive breeding; reintroduction programs; endangered species management; genetic markers"
}
