{
  "Folder": "00082_SwitchgrassMeasurementsGenomicPrediction",
  "DOI": "https://doi.org/10.5061/dryad.2jm63xss7",
  "Publication_link": "https://onlinelibrary.wiley.com/doi/10.1111/gcbb.12983",
  "Title": "Biomass yield improvement in switchgrass through genomic prediction of flowering time",
  "Abstract": "The seasonal timing of the transition from vegetative to reproductive growth has a major impact on biomass accumulation in switchgrass. Late-flowering switchgrass cultivars produce greater biomass, a critical trait for sustainable bioenergy production. Genomic prediction (GP) may allow rapid selection of late-flowering individuals with reduced time and expense for field evaluations. To evaluate GP, two flowering time traits (heading date and anthesis date) were collected on 1532 genotypes from four breeding populations: Midwest, Gulf, Atlantic, and Hybrid. These were sequenced using genotype-by-sequencing (530,792 single-nucleotide polymorphisms). Predictive ability of single-trait and multi-trait models were evaluated by cross-validation, by prediction of a progeny trial (n = 122), and through prediction of yield performance in a parallel experiment (n = 52). Predictive ability was not improved by sharing information among breeding groups. Overall, multi-trait models provided an advantage during cross-validation, but a smaller advantage during progeny prediction. Within populations, GP resulted in lower per-cycle progress than previously reported field evaluations (3.1 vs. 5.0 day‚àí1 cycle‚àí1). However, GP cycles are potentially much faster than field evaluations. When directly predicting biomass yield, the Hybrid training population had a predictive ability of 0.54‚Äì0.63. This reinforces the strong linkage between biomass yields in swards and flowering time. These results highlight the value of GP for rapid yield improvement in switchgrass, particularly in a breeding program designed to share information between biomass yield trials and low-cost flowering time evaluations.",
  "Scientific_Name": "Panicum virgatum",
  "Common_Name": "Switchgrass",
  "Sharing_Link": "https://datadryad.org/stash/dataset/doi:10.5061/dryad.2jm63xss7",
  "Requires_Authorization": false,
  "Phenotype": true,
  "Map": false,
  "Pedigree": false,
  "N_Geno": 1719,
  "N_markers": 381669,
  "Download_Instructions": "NA",
  "Tags": "switchgrass; bioenergy; genomic prediction; biomass yield; flowering time; breeding populations; genotype-by-sequencing; predictive models"
}
