{
  "Folder": "00089_AdaptiveCapacityToClimateInAustralia",
  "DOI": "https://doi.org/10.5061/dryad.03g3s3q",
  "Publication_link": "https://onlinelibrary.wiley.com/doi/10.1111/mec.15092",
  "Title": "Standing genomic variation within coding and regulatory regions contributes to the adaptive capacity to climate in a foundation tree species",
  "Abstract": "Global climate is rapidly changing, and the ability for tree species to adapt is dependent on standing genomic variation; however, the distribution and abundance of functional and adaptive variants are poorly understood in natural systems. We test key hypotheses regarding the genetics of adaptive variation in a foundation tree: genomic variation is associated with climate, and genomic variation is more likely to be associated with temperature than precipitation or aridity. To test these hypotheses, we used 9,593 independent, genomic single-nucleotide polymorphisms (SNPs) from 270 individuals sampled from Corymbia calophylla's entire distribution in south-western Western Australia, spanning orthogonal temperature and precipitation gradients. Environmental association analyses returned 537 unique SNPs putatively adaptive to climate. We identified SNPs associated with climatic variation (i.e., temperature [458], precipitation [75] and aridity [78]) across the landscape. Of these, 78 SNPs were nonsynonymous (NS), while 26 SNPs were found within gene regulatory regions. The NS and regulatory candidate SNPs associated with temperature explained more deviance (27.35%) than precipitation (5.93%) and aridity (4.77%), suggesting that temperature provides stronger adaptive signals than precipitation. Genes associated with adaptive variants include functions important in stress responses to temperature and precipitation. Patterns of allelic turnover of NS and regulatory SNPs show small patterns of change through climate space with the exception of an aldehyde dehydrogenase gene variant with 80% allelic turnover with temperature. Together, these findings provide evidence for the presence of adaptive variation to climate in a foundation species and provide critical information to guide adaptive management practices.",
  "Scientific_Name": "Corymbia calophylla",
  "Common_Name": "Marri",
  "Sharing_Link": "https://datadryad.org/stash/dataset/doi:10.5061/dryad.03g3s3q",
  "Requires_Authorization": false,
  "Phenotype": true,
  "Map": false,
  "Pedigree": false,
  "N_Geno": 263,
  "N_markers": 9593,
  "Download_Instructions": "NA",
  "Tags": "climate change; genomic variation; adaptive genetics; single-nucleotide polymorphisms (SNPs); environmental association analysis; tree adaptation; Corymbia calophylla; adaptive management practices"
}
