{
  "Folder": "00047_GrowthWoodQualityNorwaySpruce",
  "DOI": "https://doi.org/10.5061/dryad.pk0p2nghn",
  "Publication_link": "https://bmcgenomics.biomedcentral.com/articles/10.1186/s12864-018-5256-y",
  "Title": "Accuracy of genomic selection for growth and wood quality traits in two control-pollinated progeny trials using exome capture as the genotyping platform in Norway spruce",
  "Abstract": "Background\r\n\r\nGenomic selection (GS) can increase genetic gain by reducing the length of breeding cycle in forest trees. Here we genotyped 1370 control-pollinated progeny trees from 128 full-sib families in Norway spruce (Picea abies (L.) Karst.), using exome capture as genotyping platform. We used 116,765 high-quality SNPs to develop genomic prediction models for tree height and wood quality traits. We assessed the impact of different genomic prediction methods, genotype-by-environment interaction (G‚Äâ√ó‚ÄâE), genetic composition, size of the training and validation set, relatedness, and number of SNPs on accuracy and predictive ability (PA) of GS.\r\n\r\n\r\n\r\nResults\r\n\r\nUsing G matrix slightly altered heritability estimates relative to pedigree-based method. GS accuracies were about 11‚Äì14% lower than those based on pedigree-based selection. The efficiency of GS per year varied from 1.71 to 1.78, compared to that of the pedigree-based model if breeding cycle length was halved using GS. Height GS accuracy decreased to more than 30% while using one site as training for GS prediction and using this model to predict the second site, indicating that G‚Äâ√ó‚ÄâE for tree height should be accommodated in model fitting. Using a half-sib family structure instead of full-sib structure led to a significant reduction in GS accuracy and PA. The full-sib family structure needed only 750 markers to reach similar accuracy and PA, as compared to 100,000 markers required for the half-sib family, indicating that maintaining the high relatedness in the model improves accuracy and PA. Using 4000‚Äì8000 markers in full-sib family structure was sufficient to obtain GS model accuracy and PA for tree height and wood quality traits, almost equivalent to that obtained with all markers.\r\n\r\n\r\n\r\nConclusions\r\n\r\nThe study indicates that GS would be efficient in reducing generation time of breeding cycle in conifer tree breeding program that requires long-term progeny testing. The sufficient number of trees within-family (16 for growth and 12 for wood quality traits) and number of SNPs (8000) are required for GS with full-sib family relationship. GS methods had little impact on GS efficiency for growth and wood quality traits. GS model should incorporate G‚Äâ√ó‚ÄâE effect when a strong G‚Äâ√ó‚ÄâE is detected.",
  "Scientific_Name": "Picea abies",
  "Common_Name": "Norway spruce",
  "Sharing_Link": "https://datadryad.org/stash/dataset/doi:10.5061/dryad.pk0p2nghn",
  "Requires_Authorization": false,
  "Phenotype": true,
  "Map": false,
  "Pedigree": true,
  "N_Geno": 1370,
  "N_markers": 116765,
  "Download_Instructions": "NA",
  "Tags": "genomic selection; forest tree breeding; SNP genotyping; genotype-by-environment interaction; predictive ability; genetic gain; Norway spruce; wood quality traits"
}
