{
  "Folder": "00088_GenomicAdaptiveDivergenceManakins",
  "DOI": "https://doi.org/10.5061/dryad.85078",
  "Publication_link": "https://onlinelibrary.wiley.com/doi/10.1111/mec.12201",
  "Title": "The genomic consequences of adaptive divergence and reproductive isolation between species of manakins",
  "Abstract": "The processes of adaptation and speciation are expected to shape genomic variation within and between diverging species. Here we analyze genomic heterogeneity of genetic differentiation and introgression in a hybrid zone between two bird species (Manacus candei and M. vitellinus) using 59 100 SNPs, a whole genome assembly, and Bayesian models. Measures of genetic differentiation (urn:x-wiley:09621083:media:mec12201:mec12201-math-0001) and introgression (genomic cline center [Œ±] and rate [Œ≤]) were highly heterogeneous among loci. We identified thousands of loci with elevated parameter estimates, some of which are likely to be associated with variation in fitness in Manacus populations. To analyze the genomic organization of differentiation and introgression, we mapped SNPs onto a draft assembly of the M. vitellinus genome. Estimates of urn:x-wiley:09621083:media:mec12201:mec12201-math-0002, Œ±, and Œ≤ were autocorrelated at very short physical distances (< 100 bp), but much less so beyond this. In addition, average statistical associations (linkage disequilibrium) between SNPs were generally low and were not higher in admixed populations than in populations of the parental species. Although they did not occur with a constant probability across the genome, loci with elevated urn:x-wiley:09621083:media:mec12201:mec12201-math-0003, Œ±, and Œ≤ were not strongly co-localized in the genome. Contrary to verbal models that predict clustering of loci involved in adaptation and isolation in discrete genomic regions, these results are consistent with the hypothesis that genetic regions involved in adaptive divergence and reproductive isolation are scattered throughout the genome. We also found that many loci were characterized by both exceptional genetic differentiation and introgression, consistent with the hypothesis that loci involved in isolation are also often characterized by a history of divergent selection. However, the concordance between isolation and differentiation was only partial, indicating a complex architecture and history of loci involved in isolation.",
  "Scientific_Name": "Manacus candei",
  "Common_Name": "White-collared manakin",
  "Sharing_Link": "https://datadryad.org/stash/dataset/doi:10.5061/dryad.85078",
  "Requires_Authorization": false,
  "Phenotype": false,
  "Map": false,
  "Pedigree": false,
  "N_Geno": 96,
  "N_markers": 39319456,
  "Download_Instructions": "NA",
  "Tags": "genomics; speciation; introgression; genetic differentiation; hybrid zone; Bayesian models; adaptation; evolutionary biology"
}
