{
  "Folder": "00009_ACLinLabradorRetrievers",
  "DOI": "https://doi.org/10.1534/g3.120.401244",
  "Publication_link": "https://academic.oup.com/g3journal/article/10/8/2619/6048677",
  "Title": "Bayesian and Machine Learning Models for Genomic Prediction of Anterior Cruciate Ligament Rupture in the Canine Model",
  "Abstract": "Anterior cruciate ligament (ACL) rupture is a common, debilitating condition that leads to early-onset osteoarthritis and reduced quality of human life. ACL rupture is a complex disease with both genetic and environmental risk factors. Characterizing the genetic basis of ACL rupture would provide the ability to identify individuals that have high genetic risk and allow the opportunity for preventative management. Spontaneous ACL rupture is also common in dogs and shows a similar clinical presentation and progression. Thus, the dog has emerged as an excellent genomic model for human ACL rupture. Genome-wide association studies (GWAS) in the dog have identified a number of candidate genetic variants, but research in genomic prediction has been limited. In this analysis, we explore several Bayesian and machine learning models for genomic prediction of ACL rupture in the Labrador Retriever dog. Our work demonstrates the feasibility of predicting ACL rupture from SNPs in the Labrador Retriever model with and without consideration of non-genetic risk factors. Genomic prediction including non-genetic risk factors approached clinical relevance using multiple linear Bayesian and non-linear models. This analysis represents the first steps toward development of a predictive algorithm for ACL rupture in the Labrador Retriever model. Future work may extend this algorithm to other high-risk breeds of dog. The ability to accurately predict individual dogs at high risk for ACL rupture would identify candidates for clinical trials that would benefit both veterinary and human medicine.",
  "Scientific_Name": "Canis lupus",
  "Common_Name": "Dogs",
  "Sharing_Link": "https://gsajournals.figshare.com/articles/dataset/Supplemental_Material_for_Baker_et_al_2020/12001344",
  "Requires_Authorization": false,
  "Phenotype": true,
  "Map": true,
  "Pedigree": false,
  "N_Geno": 622,
  "N_markers": 126678,
  "Download_Instructions": "NA",
  "Tags": "ACL rupture; genomic prediction; machine learning; Bayesian models; genome-wide association studies; Labrador Retriever; osteoarthritis; genetic risk factors"
}
